question_id,clip_s,mis_question_id,mis_movie_title,mis_clip_s
FH-76,21.26027157729257,x40a1,MAN TO MAN,21.24592586408488
97rJU,47.54736125881715,ZNAaV,DUSSELDORF,47.63826082943145
cP4lM,293.95259604347746,hjEci,POMMEL,291.1441033860465
XESWo,55.03237971906367,iBIiz,COOL FOR FIVE SECONDS,55.06126874916387
6p7dK,21.42937145005874,kREcQ,THE REFEREE,21.41291828907174
vXeRH,122.01304602932953,xnH9q,GET READY WITH ME,120.05536889897849
IESLM,71.18744233254995,pLxp6,THE OTHER MORGAN,72.0075644498329
aWgG2,20.083487203290133,oQ15n,MARYAM JOON,20.23222045240894
xe0_s,27.535537391304274,4P1l-,LAST DROP,27.592360291139187
50aH_,36.95062411522634,lP7DH,THE REFEREE,36.98594977203288
lWof_,20.920033286801868,jIh-0,MY NUCLEAR FAMILY,20.97793657830192
_paES,6.601880777362453,4miKG,METROLAND,6.539809994716052
K45sv,87.82089716053508,70sUu,BURNT TOAST AND CIGARETTES,87.62725746109663
Pz-VX,23.29930086956523,cucZ6,LUNCH TIME,23.322805112698973
S4EyI,37.39584844307268,DNJbQ,A SECRET JOURNEY,37.362225495268135
Nn0Hz,37.35626687861273,DNJbQ,A SECRET JOURNEY,37.362225495268135
5Ednd,17.913308235017624,gqGp_,A SECRET JOURNEY,17.91148980945694
575hd,9.786526141966377,AH84k,THE FATHER,9.852900709753271
l91Zi,19.58957921990742,PmLj5,DIFFICULT PEOPLE,19.60608534213756
nDSVR,7.291680871336382,WDPRV,TONY'S AUTO REPAIR,7.208329778564547
q9D7b,9.341084888321461,ocbo3,THE OUT,9.30071313435883
4miKG,6.539809994716052,_paES,A SECRET JOURNEY,6.601880777362453
UoFUT,66.18587476157204,7NWrI,"MOTHER, CHILD",66.19015847151115
8Orja,31.7787033790256,Du-Fr,SWING FOR THE FENCES,31.85673204340749
_o6Jw,15.561706905660394,7zEdQ,LOST BOY,15.570875936545235
CfmL_,169.5296202401575,rVs7I,REBEL,168.26188699665556
-raYG,16.938997840187994,0qNJ5,THE RECORDIST,16.974364277320774
0f5zd,50.688873383980194,9p83c,POOR TAX,50.72766863354036
8ohzv,23.36867990886077,cucZ6,LUNCH TIME,23.322805112698973
KMFQY,13.870678356902317,cuEQr,PULL,13.911440315586447
NEeui,49.93057834250895,jIlCR,MY BROTHER IS A MERMAID,50.403100075445764
R4Xhe,9.236951971191814,xItmN,SHOEGAZER,9.274884817861334
yb9FY,11.970543773584893,-_FfX,PICK UP,11.953992824911872
JQ7mA,7.693719729529789,xu8SS,THE THINGS YOU THINK I'M THINKING,7.6207971235591
fRk3m,21.570185597553603,vJNke,AQUAPHOBE,21.474146933019938
tWgjm,307.101769079561,cP4lM,THE GUARD,293.95259604347746
x40a1,21.24592586408488,FH-76,REELING ISAAC,21.26027157729257
X9PLJ,49.38796904126821,NEeui,THE GUARD,49.93057834250895
4P1l-,27.592360291139187,F50AR,DOESN'T FALL FAR,27.53553739130436
jp69y,28.70433877790836,OZlK4,COOL FOR FIVE SECONDS,28.782026846153826
OZlK4,28.782026846153826,jp69y,PEOPLE IN CARS,28.70433877790836
7n_W8,9.088411177888077,sJWtj,FRIGID,9.171036232667433
d6r05,103.63477139763773,OJJhw,GET READY WITH ME,103.97933913717429
42_KK,17.209915508813197,IVt9e,PEOPLE IN CARS,17.222603266744898
Q25Zg,152.69905234104044,no3VJ,PALM TREES AND POWER LINE,143.17958829024678
7zEdQ,15.570875936545235,_o6Jw,NOISE,15.561706905660394
TDIXr,66.10680317391304,UoFUT,SOMETHING LIKE LONELINESS,66.18587476157204
zyN-U,29.434771410105782,zrre-,PICK UP,29.34161875205632
_aNhQ,21.672157783783746,1wt-c,PICK UP,21.734532408930647
1l_vY,51.28836019642853,3Mvsv,SWING FOR THE FENCES,51.2883367558527
VSScr,62.118570271056655,e88W-,HE COULD'VE GONE PRO,62.56621967960362
4oAZR,52.59789497109824,QK6bQ,THE REFEREE,52.55898125499414
MPXrs,45.747532464987785,rrx_C,MAN TO MAN,45.653080999346685
WKjMC,27.72563543478259,V7S4T,GARFIELD,27.679604789659223
JKauD,52.02473978530141,1395Z,DON'T BE A HERO,52.2556148851571
4ODIX,31.233403864864897,K8Qxe,WILD ANIMALS,31.340036085879433
ZNtEo,12.438754768072215,if4TJ,A GIRL AND HER GUN,12.452250434244775
fL1sO,13.626402547591056,_nkBk,LOCKER ROOM,13.589539856639249
ZB0i-,13.13391412790051,ppMGe,MY DAUGHTER YOSHIKO,13.168474384905608
FcQUe,8.185115235465105,NNkHt,EVERY OTHER WEEK,8.093854421368235
m89Ro,43.844294927144574,nMBFE,CORNFLOWER ft. Jeremy Allen White,43.89205915612814
ftzSg,117.71562547294738,qXQtH,STOP,115.85728391304355
tt0nw,48.524520975323156,7U0gL,HE COULD'VE GONE PRO,48.50119950837984
E0aVA,338.18854244170086,u_Jn4,JOSEPH'S REEL,352.27271618611974
ethcx,47.3784004855809,FV7ar,FORGET ME NOT,47.33810547398846
8Ebh4,36.59983275910707,6bcj-,LUNCH TIME,36.573359765570956
pwsNv,41.96094104347827,7dQfa,A GIRL AND HER GUN,41.919887951972896
wy2j5,40.79464994594595,EzWPk,SHOEGAZER,40.80949319858996
sft8o,15.636943972183616,7zEdQ,LOST BOY,15.570875936545235
QgPNP,30.085203004700375,1V4XR,WHERE HAVE YOU BEEN,29.982800569917742
M6QyT,43.43837083561465,gPONS,DOESN'T FALL FAR,43.42142434782613
5lQJE,35.12326308950618,kwMkL,FORGET ME NOT,35.11702156640182
3PS5Q,72.60364879618615,9N815,HALF,72.59151914046828
J60wp,35.05790229729723,kwMkL,FORGET ME NOT,35.11702156640182
xrCph,41.2086799741482,atw9e,LAST DROP,41.08195865569621
gepWk,24.964207078730908,LJSWX,MARTHA THE MONSTER,24.955392817569603
jIlCR,50.403100075445764,hIlD5,BUD,50.582812287995324
Ahq8K,9.144971662177625,sJWtj,FRIGID,9.171036232667433
xu8SS,7.6207971235591,JQ7mA,A GIRL AND HER GUN,7.693719729529789
dBuuK,10.163900752056406,oQKRi,CLAC,10.186792840736757
U06oq,31.988123980181626,Du-Fr,SWING FOR THE FENCES,31.85673204340749
6gXt1,102.61264181668042,x9NP4,COMING OUT WITH THE HELP OF A TIME MACHINE,102.57672039285717
6f2Bl,26.71612672972975,jF1rd,MARTHA THE MONSTER,26.698172884841355
EuRHz,27.455405778301866,xe0_s,DOESN'T FALL FAR,27.535537391304274
iNEhw,80.73485347199994,33I6v,"MOTHER, CHILD",80.50345305027933
M3U5v,16.528629995717353,gieVU,LOCKER ROOM,16.501584111633292
VIup8,9.48746609753232,SlZfb,PARTNERS,9.623593419506449
soqwp,25.95171400401074,8z-Gs,THE FORFEIT,25.874778561692125
oPrf4,78.43261126748973,I8Ij6,REELING ISAAC,77.31007846288219
uciG0,34.472928592244386,0Xj5E,FATHER FIGURE,34.50763898400001
rqFsT,167.46938245669298,r4iJK,COMING OUT WITH THE HELP OF A TIME MACHINE,166.78519519405452
xhugF,20.770474772995783,NBjXy,FATHER FIGURE,20.752936776733236
TQEtn,34.76152724324356,lGe0J,MARKED,34.80477212827003
_nkBk,13.589539856639249,Dvqko,THE LOYALIST,13.55352299647474
Du-Fr,31.85673204340749,8Orja,ALEX,31.7787033790256
YVbRa,46.56174217010738,OzqzC,MAGICIAN,46.58357594799566
6bcj-,36.573359765570956,8Ebh4,BARRIER,36.59983275910707
FV7ar,47.33810547398846,ethcx,THE TIME TREE,47.3784004855809
WkYrL,15.049685011320747,WqWLg,A KING'S BETRAYAL,15.06500287896597
9p83c,50.72766863354036,0f5zd,HEAD ABOVE WATER,50.688873383980194
GjedE,10.517497677880442,ZqEjt,MARKED,10.491508092643372
GD4fo,39.23071736416186,9Kgty,FORGET ME NOT,39.07272197853014
Sqpw2,3.530637323098688,7weaM,A KING'S BETRAYAL,3.533158352362193
9ItLe,6.83655339111592,PEmoi,BURNT TOAST AND CIGARETTES,6.811138795197039
jI7Xf,201.47146995652167,lDSq6,UNDER DARKNESS,180.56706505685628
TrQfi,34.407497961222134,MqjHq,LOST BOY,34.419831017626336
P7mFJ,5.047369074803157,3ZqYH,A SECRET JOURNEY,5.038942581709591
DWjnA,72.04482874576274,8VrJu,DOORSTEP,72.04833523745819
RBHfM,28.205523853164564,5uzLA,THE THINGS YOU THINK I'M THINKING,28.149647451178453
5qz52,25.240870566630562,31jsL,THE REFEREE,25.306176159811983
1wt-c,21.734532408930647,_aNhQ,ITALIAN MIRACLE,21.672157783783746
LNbIz,32.753440988185645,CGOsl,DOESN'T FALL FAR,32.830833043478265
IRzzb,37.516524822460724,8jx-M,FATHER FIGURE,37.48917611280846
7weaM,3.533158352362193,Sqpw2,A SECRET JOURNEY,3.530637323098688
jboXj,63.46720408030387,AIvmd,REBEL,63.46720298996655
7U0gL,48.50119950837984,tt0nw,ANOTHER CANCER MOVIE,48.524520975323156
0AJdN,17.009781433607543,ySUJ_,CODA,17.007280001813342
snVuK,6.373303605067122,VwBoS,JOSEPH'S REEL,6.373881216465293
ZdM5j,25.004316770857713,z3eyY,SAN MIGUEL,24.98882847161572
0Xj5E,34.50763898400001,cpSr4,OUR KIND OF LOVE,34.51830434665089
2UNGX,14.568463171179033,Gjhij,WHEN THIS ALL ENDS,14.583007743396251
uiqPd,4.433844337306937,OeWzG,A GIRL AND HER GUN,4.209806446563967
pV9P4,5.782652148459306,HHKmc,EVERY OTHER WEEK,5.855979249124523
SLSzG,40.95489889815386,49vuo,SAUCE,40.95355450747519
Q_QsK,26.773547246903377,SOQT6,KEEPSAKE,26.756051773720145
KGIqI,16.9812378250856,0qNJ5,THE RECORDIST,16.974364277320774
OaYcq,22.9634710223267,QFqbk,ARI,22.91899567567566
HVtRT,30.586971757191122,lz_RB,ELEVEN,30.597890276201298
_t6AJ,39.5972697692016,TNY_Z,FORGET ME NOT,39.670564926430515
ocbo3,9.30071313435883,xItmN,SHOEGAZER,9.274884817861334
bEKy9,11.989463971797818,bbukx,THE THINGS YOU THINK I'M THINKING,11.991353768000266
-_FfX,11.953992824911872,yb9FY,NOISE,11.970543773584893
1dV4q,46.08609835375191,MPXrs,DIFFICULT PEOPLE,45.747532464987785
E3dNw,27.252805095182225,5CacU,DOUBLESPEAK,27.190749322110037
RA4tf,15.253347180695869,QLfrD,WHERE HAVE YOU BEEN,15.227308045310338
3quuI,16.485512961222128,xWQnl,ANOTHER CANCER MOVIE,16.498337131609844
LJSWX,24.955392817569603,gepWk,THE DEAD ONES,24.964207078730908
eKxJO,66.4415316120402,7NWrI,"MOTHER, CHILD",66.19015847151115
xw31t,14.001413491021594,ogaL3,BLACK BOX,13.996366552291391
mj3iM,46.79677336360197,LS4zY,BOXED UP,46.707945421965334
JrJZV,29.238930033812313,MQK3I,LA RUTA,29.263685968953723
DpX4A,22.963471022326644,QFqbk,ARI,22.91899567567566
8jx-M,37.48917611280846,IRzzb,ALEX,37.516524822460724
r4iJK,166.78519519405452,rqFsT,UNDER DARKNESS,167.46938245669298
SZVQw,35.43704465334895,-EI8T,FESTIVAL OF SLAPS,35.25490093584904
8cs-y,18.286105310954724,3nHht,TWO DOSAS,18.29066660869566
5yI1I,26.86759843181821,ouOk-,THE FORFEIT,26.86996235252643
EQrz-,33.29703298237369,wczMF,I WILL DESPISE YOU,33.27788452849741
3Mvsv,51.2883367558527,1l_vY,COMING OUT WITH THE HELP OF A TIME MACHINE,51.28836019642853
ppMGe,13.168474384905608,ZB0i-,THE ROOM IN THE ELEPHANT,13.13391412790051
qXQtH,115.85728391304355,ftzSg,ONE DAY NOTICE,117.71562547294738
6Q-jI,18.40641165687424,G9AQw,FOLLOW YOUR HEART,18.42929033860713
b8s2K,87.14964678260878,jOD46,THE LIGHTKEEPER,87.4645213043479
X05cR,14.274061876699875,Oc1UE,LUNCH TIME,14.421632073112534
BrX9b,6.950046362432772,6R2Na,BURNT TOAST AND CIGARETTES,6.925109866784382
zT2dD,41.608684256098414,_avcY,ONE DAY NOTICE,41.64035951066103
oDHjP,102.83941510156899,6gXt1,SAUCE,102.61264181668042
OzqzC,46.58357594799566,YVbRa,EXIT STRATEGY,46.56174217010738
GzG9H,57.59651088366627,dri-o,PALM TREES AND POWER LINE,57.715803031727404
MFaXm,22.269873772032838,hJfl2,DOESN'T FALL FAR,22.240241739130283
ogaL3,13.996366552291391,xw31t,THE SERMON,14.001413491021594
0bHMP,18.290666608695688,8cs-y,ELSEWHERE,18.286105310954724
lI6HQ,24.455738143396047,OobcR,WEI-LAI,24.502089520738764
cYZlB,104.61170665160705,Des8H,COMING OUT WITH THE HELP OF A TIME MACHINE,104.0494795706028
OqSBX,57.44497899752264,GzG9H,PICK UP,57.59651088366627
AYH9e,5.471309314814846,pV9P4,A GIRL AND HER GUN,5.782652148459306
a-GQP,74.47246794075144,svONE,COMING OUT WITH THE HELP OF A TIME MACHINE,74.45084544642859
uHOYT,60.34549699647482,c7ZWo,AZIZ,59.85070186721501
CO5MT,7.168659275255322,WDPRV,TONY'S AUTO REPAIR,7.208329778564547
lDSq6,180.56706505685628,HC556,KUDZU,172.5055198588276
I8HfL,59.78441973827694,c7ZWo,AZIZ,59.85070186721501
DG6h5,40.66447330221129,XYJix,POMMEL,40.555766551301645
33I6v,80.50345305027933,iNEhw,FATHER FIGURE,80.73485347199994
ZqEjt,10.491508092643372,GjedE,THE ARK,10.517497677880442
zKBI9,24.849748158063107,L7Jkl,INTO THE SILENT SEA,24.840876655699276
HUO2A,10.376782166862512,FtZC0,A SECRET JOURNEY,10.403008767676738
4wwf4,68.32108657235142,oGPWA,AZIZ,67.69997424324333
hjEci,291.1441033860465,cP4lM,THE GUARD,293.95259604347746
OjH-N,60.984190951279935,xVVHU,WEI-LAI,60.876230561213504
hIlD5,50.582812287995324,0f5zd,HEAD ABOVE WATER,50.688873383980194
9N815,72.59151914046828,3PS5Q,THE GUARD,72.60364879618615
WXHp0,24.11164457344293,jRFQV,GARFIELD,24.108042881316123
xyNXB,37.95709957983195,PXIkb,ALEX,37.8723358395722
weSyX,51.60888786055341,lP4s7,LAMBING SEASON,51.77292503385627
zrre-,29.34161875205632,MQK3I,LA RUTA,29.263685968953723
gPONS,43.42142434782613,M6QyT,BABY MINE,43.43837083561465
AG14_,37.821677149236194,l6YOO,THE FORFEIT,37.81698405170391
1V4XR,29.982800569917742,QgPNP,ANOTHER CANCER MOVIE,30.085203004700375
DNJbQ,37.362225495268135,Nn0Hz,THE BACKSEAT,37.35626687861273
R8Ofa,19.8109212962963,cZA76,TAPES,19.82293015521905
fbcwS,38.06514561927145,xyNXB,THE BACKSEAT,37.95709957983195
osdG1,12.009535788679251,gDvC9,BUD,12.027167119219712
3PzuG,27.044152942420737,pHFCB,BLACK BOX,27.117960195064654
qKKzy,19.74670236545242,A07zb,WHERE HAVE YOU BEEN,19.76697595746441
zMYH8,98.77467543984102,o9JEy,IN OTHER WORDS,97.58321839464881
vtc54,25.35917369187416,z-trp,THIS IS 25,25.376763746180963
F50AR,27.53553739130436,4P1l-,LAST DROP,27.592360291139187
tN7ZV,38.81564592679206,nJZOI,ELSEWHERE,38.83978919934998
x9NP4,102.57672039285717,6gXt1,SAUCE,102.61264181668042
CGOsl,32.830833043478265,LNbIz,BLESS ME FATHER,32.753440988185645
KooJx,64.82071881971171,YgYlW,MY BROTHER IS A MERMAID,65.03625816186553
V4cpR,34.161028119859,Xr_At,VIRAL,34.197325354330644
9Uau9,33.47203915667575,k8_rc,OUR KIND OF LOVE,33.4048106580492
khZKu,23.070018634886225,OaYcq,PEOPLE IN CARS,22.9634710223267
_avcY,41.64035951066103,zT2dD,A NEW MAN,41.608684256098414
7NWrI,66.19015847151115,UoFUT,SOMETHING LIKE LONELINESS,66.18587476157204
Mk6id,53.69012655518398,9mkao,O.I.,53.70800069330204
KJh_5,38.85179897658861,nJZOI,ELSEWHERE,38.83978919934998
KQBMo,11.31387514688602,gB260,ARI,11.18708736728064
hzJuq,18.885884265560193,k6Qgn,PALM TREES AND POWER LINE,18.868627914218564
m0KW3,55.68696498494983,Vqduf,FORGET ME NOT,55.786731927792914
pUgi9,39.04791347995666,9Kgty,FORGET ME NOT,39.07272197853014
diDqC,45.5535127826087,rrx_C,MAN TO MAN,45.653080999346685
IGGnt,10.101428122885409,dBuuK,EVERY OTHER WEEK,10.163900752056406
gWjW8,29.858655854332426,D6BIM,MARTHA THE MONSTER,29.858457461851174
bbukx,11.991353768000266,bEKy9,MARYAM JOON,11.989463971797818
I8Ij6,77.31007846288219,YRYDA,SAN MIGUEL,76.96559169257637
_5p_Y,12.662898719108966,DpI2f,A GIRL AND HER GUN,12.681108063293209
vWCxx,20.6456521945433,ZTgmN,LAST REQUESTS,20.647800265542628
VQ-iM,21.869322737955336,2lDsm,THE SHOOTING STAR SALESMAN,21.892515405405447
kREcQ,21.41291828907174,6p7dK,GARFIELD,21.42937145005874
MsjXb,63.60388175548019,jboXj,STOP,63.46720408030387
SFaVi,17.982084606345495,5Ednd,THE FORFEIT,17.913308235017624
AJtqE,13.715081640293192,B-MGg,ARI,13.67310678223184
atw9e,41.08195865569621,eed4R,BARRIER,41.017053954171615
Ev_77,37.82938321404686,AG14_,BLESS ME FATHER,37.821677149236194
Qb5hD,24.39473100188684,lI6HQ,MY DAUGHTER YOSHIKO,24.455738143396047
97k0r,13.986350182573403,ogaL3,BLACK BOX,13.996366552291391
QoPSW,26.284854450867044,3WkN0,THINGS THAT FALL,26.3110556186152
Q7y5x,75.92024326254182,YRYDA,SAN MIGUEL,76.96559169257637
o_zae,28.144222165687438,5uzLA,THE THINGS YOU THINK I'M THINKING,28.149647451178453
if4TJ,12.452250434244775,ZNtEo,BUD,12.438754768072215
iee3D,22.49969066637786,MFaXm,OUR KIND OF LOVE,22.269873772032838
xwUxP,1160.699599670782,IZkOt,AVA IN THE END,495.5761138206567
_UBbo,36.81282331374855,uUHJI,THE OTHER MORGAN,36.709738739130444
6e6kW,70.33190566980022,u1krO,THE NEST EGG,70.30595777043766
E5DVe,28.513218540871936,Div8H,RED LIGHT,28.38458594209621
QK6bQ,52.55898125499414,4oAZR,FORGET ME NOT,52.59789497109824
Des8H,104.0494795706028,OJJhw,GET READY WITH ME,103.97933913717429
IvpVU,16.702405329024657,J0HBT,ALWAYS REMEMBER ME,16.609096962566838
jIh-0,20.97793657830192,DaR2J,ITALIAN MIRACLE,21.034741378378385
MqjHq,34.419831017626336,TrQfi,PALM TREES AND POWER LINE,34.407497961222134
p7P5o,389.6679355766543,u_Jn4,JOSEPH'S REEL,352.27271618611974
yrTCY,36.496961479768785,6bcj-,LUNCH TIME,36.573359765570956
v0v_7,24.910174890948838,TBMUP,THE FORFEIT,24.879594770857693
UBvnM,15.387271858989408,RA4tf,DOUBLESPEAK,15.253347180695869
DVQBl,44.21904597069991,FdQeg,STOP,44.200374270211626
jF1rd,26.698172884841355,6f2Bl,MALIGNANT,26.71612672972975
k8_rc,33.4048106580492,lfrlC,DIFFICULT PEOPLE,33.4029602125307
G9AQw,18.42929033860713,0tqE5,JASMINE,18.44658911886792
kPCFa,74.79309388759691,a-GQP,ELEVEN,74.47246794075144
O61ie,10.946003557906678,D5P2b,AVA IN THE END,11.05773088818465
50-Yh,53.349360130434775,Mk6id,MOTHER,53.69012655518398
nMBFE,43.89205915612814,m89Ro,DON'T BE A HERO,43.844294927144574
e88W-,62.56621967960362,qbi0H,KEEPSAKE,62.784219487955625
RzyZ9,54.74036014405762,Y8E9u,FORGET ME NOT,54.852090469859604
u0Rfo,7.024075429508457,BrX9b,A SECRET JOURNEY,6.950046362432772
FSs2u,19.46628935370154,ERfJN,SHOEGAZER,19.477258117508825
hJfl2,22.240241739130283,MFaXm,OUR KIND OF LOVE,22.269873772032838
Xr_At,34.197325354330644,V4cpR,THIS IS 25,34.161028119859
PmLj5,19.60608534213756,l91Zi,PULL,19.58957921990742
pL9K5,30.649521567567604,lz_RB,ELEVEN,30.597890276201298
FdQeg,44.200374270211626,DVQBl,SWING FOR THE FENCES,44.21904597069991
cucZ6,23.322805112698973,Pz-VX,DOESN'T FALL FAR,23.29930086956523
RL1WO,35.244562307873025,-EI8T,FESTIVAL OF SLAPS,35.25490093584904
if7vB,43.06334736705685,VOMXX,WATCH OVER ME,42.81182493806771
oGPWA,67.69997424324333,4wwf4,KEEPSAKE,68.32108657235142
NNkHt,8.093854421368235,FcQUe,LUGHEAD,8.185115235465105
Y8E9u,54.852090469859604,RzyZ9,WATCH OVER ME,54.74036014405762
nbqKr,26.208398294947017,QoPSW,EXIT STRATEGY,26.284854450867044
D5P2b,11.05773088818465,ZjICi,THE FATHER,11.084513298472473
HZyES,25.466982101841822,z-trp,THIS IS 25,25.376763746180963
rrx_C,45.653080999346685,MPXrs,DIFFICULT PEOPLE,45.747532464987785
7lg8O,4.199297044288585,uiqPd,A SECRET JOURNEY,4.433844337306937
TNY_Z,39.670564926430515,_t6AJ,ELEVEN,39.5972697692016
xT_NV,34.940873886044585,J60wp,ITALIAN MIRACLE,35.05790229729723
EdrK2,232.32046078740157,P_A3n,UNDER DARKNESS,259.2554863031497
dri-o,57.715803031727404,GzG9H,PICK UP,57.59651088366627
RtTyJ,18.277349560130006,8cs-y,ELSEWHERE,18.286105310954724
7OzPR,38.553028161490715,tN7ZV,LAMBING SEASON,38.81564592679206
87yN9,82.82545386428575,rPMpa,SAN MIGUEL,81.96335738689959
uOZ46,33.856324698160535,-421C,THE RECORDIST,33.94872855464166
5XDbu,13.494891282085547,b-BJp,A GIRL AND HER GUN,13.521705559830934
qbi0H,62.784219487955625,e88W-,HE COULD'VE GONE PRO,62.56621967960362
pdzY-,28.317048486486442,iBR48,SECOND BEST,28.34963572267918
Mih43,65.33663820644097,YgYlW,MY BROTHER IS A MERMAID,65.03625816186553
QLfrD,15.227308045310338,RA4tf,DOUBLESPEAK,15.253347180695869
iBIiz,55.06126874916387,XESWo,MOTHER,55.03237971906367
HW_xA,113.37823256860463,-jtPD,BLACK BOX,111.09615950881323
70sUu,87.62725746109663,jOD46,THE LIGHTKEEPER,87.4645213043479
3ZqYH,5.038942581709591,P7mFJ,A KING'S BETRAYAL,5.047369074803157
uBpX1,21.307514439482986,wkkVT,THE CHOKE,21.30538339506174
pWTvU,8.876201377682435,FBIRJ,AVA IN THE END,8.857172350918177
jYzbL,65.97659623038817,TDIXr,STOP,66.10680317391304
cY266,66.94949722909689,eKxJO,MOTHER,66.4415316120402
ZTgmN,20.647800265542628,vWCxx,AQUAPHOBE,20.6456521945433
A1IDp,23.424704996474702,8ohzv,A KING'S BETRAYAL,23.36867990886077
lq-TU,18.27734956012995,8cs-y,ELSEWHERE,18.286105310954724
OeWzG,4.209806446563967,uiqPd,A SECRET JOURNEY,4.433844337306937
yZvtL,21.354991203290297,uBpX1,LOST BOY,21.307514439482986
4z281,24.019509669811214,jRFQV,GARFIELD,24.108042881316123
6R2Na,6.925109866784382,BrX9b,A SECRET JOURNEY,6.950046362432772
K5d5d,55.343333424442676,iBIiz,COOL FOR FIVE SECONDS,55.06126874916387
xnH9q,120.05536889897849,vXeRH,"MOTHER, CHILD",122.01304602932953
aQ5QZ,42.244987446575436,Y01gr,BARRIER,42.27911715276139
9Kgty,39.07272197853014,pUgi9,MAGICIAN,39.04791347995666
wf8Ir,70.116669281496,whD5C,GET READY WITH ME,70.12560081344316
oQ15n,20.23222045240894,eSO62,I WILL DESPISE YOU,20.27021793416572
rj6ZV,12.85671362830189,ot2pE,MAN TO MAN,12.874953457269498
k6Qgn,18.868627914218564,hzJuq,FESTIVAL OF SLAPS,18.885884265560193
SrbeH,24.18190185185189,WXHp0,PEOPLE IN CARS,24.11164457344293
ye4ie,47.66805506853842,ZNAaV,DUSSELDORF,47.63826082943145
PXIkb,37.8723358395722,Ev_77,HALF,37.82938321404686
YRYDA,76.96559169257637,I8Ij6,REELING ISAAC,77.31007846288219
RloVK,52.397342003344534,1395Z,DON'T BE A HERO,52.2556148851571
fTZMz,28.96279516452455,J4Kp8,THE NEST EGG,28.94951202312143
Oc1UE,14.421632073112534,2ZDFv,AMERICAN LETTERS,14.476960635718683
cTvVR,23.670274434782584,dgWXB,DOUBLE VISION,23.818781804435844
A73D_,41.39444173056995,xrCph,AZIZ,41.2086799741482
_klus,7.989725920610795,zxgYS,A GIRL AND HER GUN,7.926834457081043
gC1R9,53.796078260869535,9mkao,O.I.,53.70800069330204
insgL,19.18142881903657,JJhhE,THE ARK,19.14739058637454
31qIC,8.956667733107054,pWTvU,DOUBLESPEAK,8.876201377682435
Y85Zg,9.676971104103245,SlZfb,PARTNERS,9.623593419506449
pHFCB,27.117960195064654,a4cb5,BLESS ME FATHER,27.16139008776372
BIIwD,86.75595487741003,U3VHG,POMMEL,86.48050647646573
PaqTy,17.310680841363023,IVt9e,PEOPLE IN CARS,17.222603266744898
CaIEN,57.26439182138665,OqSBX,THE BOOK OF RUTH,57.44497899752264
pZ0ep,55.03237971906354,iBIiz,COOL FOR FIVE SECONDS,55.06126874916387
KMgBQ,32.936345971941705,CGOsl,DOESN'T FALL FAR,32.830833043478265
TBMUP,24.879594770857693,zKBI9,CONTROL,24.849748158063107
VOMXX,42.81182493806771,if7vB,THE OTHER MORGAN,43.06334736705685
-__9a,17.856823329528652,rOmwR,MY DAUGHTER YOSHIKO,17.8715009509434
xItmN,9.274884817861334,ocbo3,THE OUT,9.30071313435883
NJLi9,138.3834467134909,no3VJ,PALM TREES AND POWER LINE,143.17958829024678
lz_RB,30.597890276201298,HVtRT,BABY MINE,30.586971757191122
0tqE5,18.44658911886792,G9AQw,FOLLOW YOUR HEART,18.42929033860713
Dvqko,13.55352299647474,b-BJp,A GIRL AND HER GUN,13.521705559830934
R-z5N,48.2663954551457,tIAek,THE SERMON,48.31267507921814
L2Zeu,40.00897383503923,mdTpN,PALM TREES AND POWER LINE,39.957094406580495
2ZDFv,14.476960635718683,Oc1UE,LUNCH TIME,14.421632073112534
xyKsZ,108.17651503631284,ESGRT,DON'T BE A HERO,105.86793165334893
UPFBC,13.055249685807212,yHCAJ,IN OTHER WORDS,13.011095785953177
XsPyQ,26.425399797884836,GeAqr,KUDZU,26.53918658592488
ZjICi,11.084513298472473,D5P2b,AVA IN THE END,11.05773088818465
rBuJ0,11.808592221018444,RGbxL,LOVE IS A HAND GRENADE,11.812439861686357
BpOCm,27.725635434782617,V7S4T,GARFIELD,27.679604789659223
-jtPD,111.09615950881323,HW_xA,POMMEL,113.37823256860463
vIZR0,23.905565573384052,js9Qt,TIME AND AGAIN,23.84581219753204
Gjhij,14.583007743396251,2UNGX,LAZERCISM,14.568463171179033
xvYwn,24.296476504112775,Qb5hD,LORNE ft. Guy Pearce,24.39473100188684
O76f4,21.18118260869565,7sD0G,A SECRET JOURNEY,21.22972373233995
Ox9Yx,20.748998768776346,NBjXy,FATHER FIGURE,20.752936776733236
VOdNd,12.570972385428888,xqAD3,A KING'S BETRAYAL,12.549846617721528
-56jD,7.365877024400277,WDPRV,TONY'S AUTO REPAIR,7.208329778564547
ySUJ_,17.007280001813342,0AJdN,SECOND BEST,17.009781433607543
GMfvk,15.146252092748625,jsK5d,GARFIELD,15.179138110458325
3WkN0,26.3110556186152,QoPSW,EXIT STRATEGY,26.284854450867044
-53z5,19.414037629847243,FSs2u,THE REFEREE,19.46628935370154
LS4zY,46.707945421965334,mj3iM,ELEVEN,46.79677336360197
BuaTb,18.51241947073575,0tqE5,JASMINE,18.44658911886792
U3VHG,86.48050647646573,BIIwD,METROLAND,86.75595487741003
WDPRV,7.208329778564547,CO5MT,THE ROOM IN THE ELEPHANT,7.168659275255322
zmVSQ,29.155568112554192,Qk2ES,ANOTHER CANCER MOVIE,29.114712585193843
NBjXy,20.752936776733236,Ox9Yx,MARKED,20.748998768776346
OJJhw,103.97933913717429,Des8H,COMING OUT WITH THE HELP OF A TIME MACHINE,104.0494795706028
8wPdw,7.3100006403785756,WDPRV,TONY'S AUTO REPAIR,7.208329778564547
gqGp_,17.91148980945694,5Ednd,THE FORFEIT,17.913308235017624
OaM8A,34.09169566157459,V4cpR,THIS IS 25,34.161028119859
ZhSvJ,12.765911271840764,2awVE,ITALIAN MIRACLE,12.748328108108126
P92-Y,47.8228320090806,ye4ie,ALEX,47.66805506853842
sYEu5,2.0483134809664847,uHmhm,EVERY OTHER WEEK,2.161727669040687
o1YFM,19.844745005875325,cZA76,TAPES,19.82293015521905
DnX_p,48.47737859154927,7U0gL,HE COULD'VE GONE PRO,48.50119950837984
QOD-Y,20.404746599294867,eSO62,I WILL DESPISE YOU,20.27021793416572
uUHJI,36.709738739130444,_UBbo,AQUAPHOBE,36.81282331374855
cZA76,19.82293015521905,R8Ofa,THE ROOM IN THE ELEPHANT,19.8109212962963
oQKRi,10.186792840736757,dBuuK,EVERY OTHER WEEK,10.163900752056406
8z-Gs,25.874778561692125,soqwp,ALWAYS REMEMBER ME,25.95171400401074
ijwTV,19.876741348472336,o1YFM,SECOND BEST,19.844745005875325
MQK3I,29.263685968953723,JrJZV,METROLAND,29.238930033812313
PEmoi,6.811138795197039,9ItLe,ARI,6.83655339111592
rVs7I,168.26188699665556,rqFsT,UNDER DARKNESS,167.46938245669298
mdTpN,39.957094406580495,L2Zeu,MAGICIAN,40.00897383503923
u1krO,70.30595777043766,6e6kW,O.I.,70.33190566980022
2lDsm,21.892515405405447,VQ-iM,BLACK BOX,21.869322737955336
MfNZu,13.232363774252043,ppMGe,MY DAUGHTER YOSHIKO,13.168474384905608
wPLTh,31.451154552794947,xjVS2,FATHER FIGURE,31.464129951821377
gB260,11.18708736728064,ZjICi,THE FATHER,11.084513298472473
eed4R,41.017053954171615,SLSzG,FOLLOW YOUR HEART,40.95489889815386
AIvmd,63.46720298996655,jboXj,STOP,63.46720408030387
5FBpo,127.51129755161014,vXeRH,"MOTHER, CHILD",122.01304602932953
xjVS2,31.464129951821377,wPLTh,POOR TAX,31.451154552794947
OayI-,19.35288262268518,-53z5,FATHER FIGURE,19.414037629847243
u_Jn4,352.27271618611974,E0aVA,MY BROTHER IS A MERMAID,338.18854244170086
K3PwP,22.82125902937713,QFqbk,ARI,22.91899567567566
zxgYS,7.926834457081043,_klus,BABY MINE,7.989725920610795
kYZBq,26.88168973575557,ouOk-,THE FORFEIT,26.86996235252643
QGy-H,59.78441973827694,c7ZWo,AZIZ,59.85070186721501
dgWXB,23.818781804435844,js9Qt,TIME AND AGAIN,23.84581219753204
M3185,19.920077920698233,ijwTV,ALWAYS REMEMBER ME,19.876741348472336
kwMkL,35.11702156640182,5lQJE,THE FOOL'S MATE,35.12326308950618
P1M3f,24.62635666906758,-yi1c,LOST BOY,24.585593584018852
o9JEy,97.58321839464881,b1TnS,SAUCE,96.5766040627581
afW--,11.776766690565978,TZb1o,AZIZ,11.773908564042301
-pEkM,11.831459973997852,RGbxL,LOVE IS A HAND GRENADE,11.812439861686357
nfbdY,33.353568521739106,lfrlC,DIFFICULT PEOPLE,33.4029602125307
VwBoS,6.373881216465293,snVuK,A SECRET JOURNEY,6.373303605067122
yHCAJ,13.011095785953177,wXuwT,A SECRET JOURNEY,12.995556694006268
Abtbg,31.110700949832903,4ODIX,ITALIAN MIRACLE,31.233403864864897
ESGRT,105.86793165334893,cYZlB,ALWAYS REMEMBER ME,104.61170665160705
6n72z,2.475351274841728,_ENig,THE ROOM IN THE ELEPHANT,2.4012398998550566
svONE,74.45084544642859,a-GQP,ELEVEN,74.47246794075144
1395Z,52.2556148851571,RloVK,REBEL,52.397342003344534
q0jUM,16.030590820858208,tB97o,MALIGNANT,16.261990183313742
FbaN5,57.03796825763831,EzIlQ,REELING ISAAC,57.01618286637563
GtmqE,12.479264133851757,if4TJ,A GIRL AND HER GUN,12.452250434244775
LMV6S,12.228048310223272,2YmHB,THE FATHER,12.31612588719156
9A5iB,56.24248723607434,vhT3L,THE BOOK OF RUTH,56.043881948802635
-421C,33.94872855464166,uOZ46,UNDER DARKNESS,33.856324698160535
WqWLg,15.06500287896597,WkYrL,MY DAUGHTER YOSHIKO,15.049685011320747
J4Kp8,28.94951202312143,fTZMz,GAME,28.96279516452455
aDs5h,24.975117508813156,gepWk,THE DEAD ONES,24.964207078730908
TZb1o,11.773908564042301,afW--,LORNE ft. Guy Pearce,11.776766690565978
tHIQU,63.77683703092788,MsjXb,MAN TO MAN,63.60388175548019
XYJix,40.555766551301645,DG6h5,DIFFICULT PEOPLE,40.66447330221129
T4RKo,6.176351692307705,zmoeN,THE FATHER,6.158062943595837
-EI8T,35.25490093584904,RL1WO,SHOEGAZER,35.244562307873025
6I4UY,36.37068644470605,pwqAP,THE TIME TREE,36.393167144212484
OobcR,24.502089520738764,lI6HQ,MY DAUGHTER YOSHIKO,24.455738143396047
jOOAV,90.76891362100753,5uCEt,POMMEL,90.45662171676292
EzWPk,40.80949319858996,wy2j5,ITALIAN MIRACLE,40.79464994594595
5CacU,27.190749322110037,a4cb5,BLESS ME FATHER,27.16139008776372
HHKmc,5.855979249124523,pV9P4,A GIRL AND HER GUN,5.782652148459306
z0HxB,23.2314145475911,Pz-VX,DOESN'T FALL FAR,23.29930086956523
wczMF,33.27788452849741,EQrz-,PEOPLE IN CARS,33.29703298237369
8q-cP,4.13928061575362,uiqPd,A SECRET JOURNEY,4.433844337306937
PZ3Yz,47.09628070234112,KtAcF,TRUNK SPACE,47.1235200681551
RGbxL,11.812439861686357,rBuJ0,ARI,11.808592221018444
wEtOA,58.87142432865401,I8HfL,SAUCE,59.78441973827694
nWSQT,72.3264310785953,9N815,HALF,72.59151914046828
gieVU,16.501584111633292,xWQnl,ANOTHER CANCER MOVIE,16.498337131609844
x8YMA,18.974932195064667,hzJuq,FESTIVAL OF SLAPS,18.885884265560193
V7S4T,27.679604789659223,WKjMC,MARYAM JOON,27.72563543478259
Auova,18.122258680170546,SFaVi,LITTLE GREY BUBBLES,17.982084606345495
ZNAaV,47.63826082943145,ye4ie,ALEX,47.66805506853842
Vqduf,55.786731927792914,m0KW3,COOL FOR FIVE SECONDS,55.68696498494983
CtzZO,16.33326657547171,2LvWY,THE ROOM IN THE ELEPHANT,16.342264101057566
vJNke,21.474146933019938,6p7dK,GARFIELD,21.42937145005874
rPMpa,81.96335738689959,87yN9,EXIT STRATEGY,82.82545386428575
2awVE,12.748328108108126,ZhSvJ,THE OUT,12.765911271840764
P_A3n,259.2554863031497,EdrK2,THE LIGHTKEEPER,232.32046078740157
5uzLA,28.149647451178453,o_zae,ANOTHER CANCER MOVIE,28.144222165687438
0qNJ5,16.974364277320774,KGIqI,BURNT TOAST AND CIGARETTES,16.9812378250856
3nHht,18.29066660869566,8cs-y,ELSEWHERE,18.286105310954724
zmoeN,6.158062943595837,T4RKo,VIRAL,6.176351692307705
8VrJu,72.04833523745819,DWjnA,LAMBING SEASON,72.04482874576274
IZkOt,495.5761138206567,u_Jn4,JOSEPH'S REEL,352.27271618611974
4BOs7,54.409346989423966,RzyZ9,WATCH OVER ME,54.74036014405762
jyxI3,15.00499634234319,WkYrL,MY DAUGHTER YOSHIKO,15.049685011320747
b5m3E,46.996593815028916,PZ3Yz,THE LIGHTKEEPER,47.09628070234112
au0O8,20.809301181818228,xhugF,BLESS ME FATHER,20.770474772995783
xNKuD,12.719541895417166,2awVE,ITALIAN MIRACLE,12.748328108108126
5tL_o,88.23163406187302,K45sv,REBEL,87.82089716053508
eMYWR,18.75918807680148,d0zZR,THE ARK,18.69667474970622
A07zb,19.76697595746441,qKKzy,MALIGNANT,19.74670236545242
D6BIM,29.858457461851174,gWjW8,BABY MINE,29.858655854332426
lGe0J,34.80477212827003,TQEtn,SOMETIME ELSE,34.76152724324356
rOmwR,17.8715009509434,-__9a,AVA IN THE END,17.856823329528652
pLxp6,72.0075644498329,DWjnA,LAMBING SEASON,72.04482874576274
xVVHU,60.876230561213504,OjH-N,"MOTHER, CHILD",60.984190951279935
ot2pE,12.874953457269498,rj6ZV,JASMINE,12.85671362830189
hkhw9,25.713427256603723,wrhfJ,MORE THAN GOD,25.58730114888624
7sD0G,21.22972373233995,x40a1,MAN TO MAN,21.24592586408488
IVt9e,17.222603266744898,42_KK,LOST BOY,17.209915508813197
W1rWm,33.745088037602784,uOZ46,UNDER DARKNESS,33.856324698160535
th9t-,91.27321514381259,jOOAV,DIFFICULT PEOPLE,90.76891362100753
YgYlW,65.03625816186553,KooJx,THE HAMSTER,64.82071881971171
wXuwT,12.995556694006268,yHCAJ,IN OTHER WORDS,13.011095785953177
-yi1c,24.585593584018852,P1M3f,FOLLOW YOUR HEART,24.62635666906758
jOD46,87.4645213043479,70sUu,BURNT TOAST AND CIGARETTES,87.62725746109663
wkkVT,21.30538339506174,uBpX1,LOST BOY,21.307514439482986
75wmF,13.774354201646076,AJtqE,LUGHEAD,13.715081640293192
fxRWN,42.50419413840544,Y01gr,BARRIER,42.27911715276139
no3VJ,143.17958829024678,NJLi9,ALWAYS REMEMBER ME,138.3834467134909
jsK5d,15.179138110458325,GMfvk,LUGHEAD,15.146252092748625
-iVLj,11.547906328910727,TZb1o,AZIZ,11.773908564042301
SlZfb,9.623593419506449,Y85Zg,A SECRET JOURNEY,9.676971104103245
SygnD,22.1859691218433,hJfl2,DOESN'T FALL FAR,22.240241739130283
OyRXN,10.677495601644978,GjedE,THE ARK,10.517497677880442
z-trp,25.376763746180963,vtc54,WEI-LAI,25.35917369187416
Qx6Os,45.177142015313976,OPWjE,METROLAND,45.11247003525264
Rf6ru,22.069843820211503,SygnD,JOSEPH'S REEL,22.1859691218433
7dQfa,41.919887951972896,pwsNv,TWO DOSAS,41.96094104347827
k1Oas,23.519303783783812,A1IDp,THIS IS 25,23.424704996474702
fzIcY,35.19320632535093,RL1WO,SHOEGAZER,35.244562307873025
pwqAP,36.393167144212484,6I4UY,LUNCH TIME,36.37068644470605
lP7DH,36.98594977203288,50aH_,ONE DAY NOTICE,36.95062411522634
whD5C,70.12560081344316,wf8Ir,GAME,70.116669281496
i-iy4,9.956076526475073,AH84k,THE FATHER,9.852900709753271
UmdzV,74.37655740689661,svONE,COMING OUT WITH THE HELP OF A TIME MACHINE,74.45084544642859
DpI2f,12.681108063293209,_5p_Y,FOLLOW YOUR HEART,12.662898719108966
xWQnl,16.498337131609844,gieVU,LOCKER ROOM,16.501584111633292
49vuo,40.95355450747519,SLSzG,FOLLOW YOUR HEART,40.95489889815386
tB97o,16.261990183313742,rB7DM,HERE IS NOW,16.33326657547161
n29zH,84.61603864632116,NJyyw,HE COULD'VE GONE PRO,86.02855205945491
sJWtj,9.171036232667433,Ahq8K,THE ARK,9.144971662177625
d0zZR,18.69667474970622,eMYWR,A GIRL AND HER GUN,18.75918807680148
UTNVo,24.296476504112775,Qb5hD,LORNE ft. Guy Pearce,24.39473100188684
-h5W0,20.50110903896104,vWCxx,AQUAPHOBE,20.6456521945433
GeAqr,26.53918658592488,XsPyQ,A GIRL AND HER GUN,26.425399797884836
GXMTk,44.84368064982374,O0Ow9,BOXED UP,44.911485982658945
Y01gr,42.27911715276139,aQ5QZ,BUD,42.244987446575436
NJyyw,86.02855205945491,U3VHG,POMMEL,86.48050647646573
ERfJN,19.477258117508825,FSs2u,THE REFEREE,19.46628935370154
_GXbs,57.07235754824063,FbaN5,LAMBING SEASON,57.03796825763831
lfrlC,33.4029602125307,k8_rc,OUR KIND OF LOVE,33.4048106580492
2YmHB,12.31612588719156,LMV6S,FRIGID,12.228048310223272
AlGZc,95.34975838514285,9KLH0,HE COULD'VE GONE PRO,94.79779903910605
cpSr4,34.51830434665089,0Xj5E,FATHER FIGURE,34.50763898400001
DaR2J,21.034741378378385,jIh-0,MY NUCLEAR FAMILY,20.97793657830192
5uCEt,90.45662171676292,jOOAV,DIFFICULT PEOPLE,90.76891362100753
K8Qxe,31.340036085879433,4ODIX,ITALIAN MIRACLE,31.233403864864897
FtZC0,10.403008767676738,HUO2A,PULL,10.376782166862512
Fk-ZA,12.906605905380275,ot2pE,MAN TO MAN,12.874953457269498
uHmhm,2.161727669040687,sYEu5,HAPPY BIRTHDAY,2.0483134809664847
xqAD3,12.549846617721528,VOdNd,THE ROOM IN THE ELEPHANT,12.570972385428888
ouOk-,26.86996235252643,5yI1I,DIFFICULT PEOPLE,26.86759843181821
AmKMH,35.704104613396,82gmk,ITALIAN MIRACLE,35.695318702702764
KtAcF,47.1235200681551,PZ3Yz,THE LIGHTKEEPER,47.09628070234112
B-MGg,13.67310678223184,AJtqE,LUGHEAD,13.715081640293192
gZINg,37.744377339600476,2kYJU,FRIGID,37.70314895652177
l6YOO,37.81698405170391,AG14_,BLESS ME FATHER,37.821677149236194
OPWjE,45.11247003525264,Qx6Os,NOBODY KNOWS,45.177142015313976
gDvC9,12.027167119219712,osdG1,WHEN THIS ALL ENDS,12.009535788679251
tIAek,48.31267507921814,R-z5N,BUD,48.2663954551457
vhT3L,56.043881948802635,9A5iB,CHRISTMAS EVE EVE,56.24248723607434
82gmk,35.695318702702764,AmKMH,WHITE GOLD,35.704104613396
jRFQV,24.108042881316123,WXHp0,PEOPLE IN CARS,24.11164457344293
1XiEq,30.948307184145335,Abtbg,DUSSELDORF,31.110700949832903
Qk2ES,29.114712585193843,zmVSQ,FATHER FIGURINE,29.155568112554192
DdN56,43.72373212258799,m89Ro,DON'T BE A HERO,43.844294927144574
xzOMx,34.569045512836624,cpSr4,OUR KIND OF LOVE,34.51830434665089
LMiXH,13.415701177358471,5XDbu,ALWAYS REMEMBER ME,13.494891282085547
lP4s7,51.77292503385627,weSyX,SOMETHING LIKE LONELINESS,51.60888786055341
rB7DM,16.33326657547161,2LvWY,THE ROOM IN THE ELEPHANT,16.342264101057566
L7Jkl,24.840876655699276,zKBI9,CONTROL,24.849748158063107
iBR48,28.34963572267918,pdzY-,WHITE GOLD,28.317048486486442
W_h8P,24.019509669811328,jRFQV,GARFIELD,24.108042881316123
a4cb5,27.16139008776372,5CacU,DOUBLESPEAK,27.190749322110037
MMfZk,38.9825724157206,pUgi9,MAGICIAN,39.04791347995666
QFqbk,22.91899567567566,DpX4A,PEOPLE IN CARS,22.963471022326644
-zrnx,44.9694703947151,O0Ow9,BOXED UP,44.911485982658945
wrhfJ,25.58730114888624,UHnud,AQUAPHOBE,25.564460634547572
2kYJU,37.70314895652177,gZINg,FATHER FIGURINE,37.744377339600476
TnLVW,2.7777161126890633,6n72z,A SECRET JOURNEY,2.475351274841728
cuEQr,13.911440315586447,KMFQY,A SECRET JOURNEY,13.870678356902317
Uecei,25.042189008225705,ZdM5j,TRUNK SPACE,25.004316770857713
8qtdV,26.927725753231584,kYZBq,THE NEST EGG,26.88168973575557
XpJ7e,69.90870670024773,wf8Ir,GAME,70.116669281496
10H5W,5.240887584820086,SrYXo,BREATHE,5.152629588064443
eKtC9,11.887057379718925,-pEkM,DON'T BE A HERO,11.831459973997852
J0HBT,16.609096962566838,M3U5v,MAXIMUS,16.528629995717353
9KLH0,94.79779903910605,AlGZc,LOCKER ROOM,95.34975838514285
b-BJp,13.521705559830934,5XDbu,ALWAYS REMEMBER ME,13.494891282085547
EzIlQ,57.01618286637563,FbaN5,LAMBING SEASON,57.03796825763831
b1TnS,96.5766040627581,o9JEy,IN OTHER WORDS,97.58321839464881
nL_XQ,81.09738848885218,iNEhw,FATHER FIGURE,80.73485347199994
eSO62,20.27021793416572,oQ15n,MARYAM JOON,20.23222045240894
MemBt,5.064687269569475,P7mFJ,A KING'S BETRAYAL,5.047369074803157
FBIRJ,8.857172350918177,pWTvU,DOUBLESPEAK,8.876201377682435
kOayI,14.926256164512335,jyxI3,THE THINGS YOU THINK I'M THINKING,15.00499634234319
AHb-v,7.416959954732505,xu8SS,THE THINGS YOU THINK I'M THINKING,7.6207971235591
-bF1v,43.60059392568127,DdN56,POMMEL,43.72373212258799
nJZOI,38.83978919934998,KJh_5,HALF,38.85179897658861
B1Azr,64.00095118836134,tHIQU,SOMETHING LIKE LONELINESS,63.77683703092788
O0Ow9,44.911485982658945,-zrnx,HE COULD'VE GONE PRO,44.9694703947151
AH84k,9.852900709753271,575hd,LITTLE GREY BUBBLES,9.786526141966377
2LvWY,16.342264101057566,CtzZO,HERE IS NOW,16.33326657547171
WVEWa,16.702405329024657,J0HBT,ALWAYS REMEMBER ME,16.609096962566838
UHnud,25.564460634547572,wrhfJ,MORE THAN GOD,25.58730114888624
l_i5i,27.960254502109706,o_zae,ANOTHER CANCER MOVIE,28.144222165687438
z3eyY,24.98882847161572,aDs5h,LITTLE GREY BUBBLES,24.975117508813156
js9Qt,23.84581219753204,dgWXB,DOUBLE VISION,23.818781804435844
x0JQT,3.216532115631253,7weaM,A KING'S BETRAYAL,3.533158352362193
_ENig,2.4012398998550566,6n72z,A SECRET JOURNEY,2.475351274841728
HC556,172.5055198588276,CfmL_,THE OTHER MORGAN,169.5296202401575
31jsL,25.306176159811983,vtc54,WEI-LAI,25.35917369187416
FjIvo,50.83560431881642,9p83c,POOR TAX,50.72766863354036
Div8H,28.38458594209621,iBR48,SECOND BEST,28.34963572267918
SOQT6,26.756051773720145,Q_QsK,"MOTHER, CHILD",26.773547246903377
c7ZWo,59.85070186721501,I8HfL,SAUCE,59.78441973827694
JtcPu,19.128066800515825,JJhhE,THE ARK,19.14739058637454
SrYXo,5.152629588064443,MemBt,EVERY OTHER WEEK,5.064687269569475
JJhhE,19.14739058637454,JtcPu,MAGICIAN,19.128066800515825
9mkao,53.70800069330204,Mk6id,MOTHER,53.69012655518398
4DiV2,30.454590738232866,HVtRT,BABY MINE,30.586971757191122
0-VJ7,17.519660418331455,PaqTy,TRUNK SPACE,17.310680841363023
